alpha,num_topics,coherence_value
0.01,5,0.35785464785163973
0.1,5,0.3632040709353624
1.0,5,0.34948534968521006
0.01,10,0.3959210698797661
0.1,10,0.39141653238748064
1.0,10,0.4015727825508497
0.01,15,0.441233486266854
0.1,15,0.44400814081690654
1.0,15,0.41881244463430883
0.01,20,0.4477809261524991
0.1,20,0.4325784426578287
1.0,20,0.43946136261355173
0.01,25,0.44967697684564717
0.1,25,0.44105507890333157
1.0,25,0.44346041026619276
